Creation Time,Marketplace Type,Body,Currency Code,Currency Amount,Billing Time Unit,Free Consultation included
Thu Mar 26 11:29:42 UTC 2026,SERVICE_MARKETPLACE,"Hi Robin,  With your expertise in ESG, sustainability, and AI-driven operations, your profile has strong potential. I can refine your resume and LinkedIn to better highlight your impact and future-focused skills.  This is a growing field where positioning matters a lot. Let’s make your profile stand out globally.  Happy to help you strengthen your presence.",,,,false
Thu Mar 26 11:29:55 UTC 2026,SERVICE_MARKETPLACE,,,,,
Thu Mar 26 11:29:59 UTC 2026,SERVICE_MARKETPLACE,,,,,
Thu Mar 26 11:30:10 UTC 2026,SERVICE_MARKETPLACE,,,,,
Thu Mar 26 11:30:14 UTC 2026,SERVICE_MARKETPLACE,,,,,
Thu Mar 26 11:30:26 UTC 2026,SERVICE_MARKETPLACE,,,,,
Thu Mar 26 11:30:26 UTC 2026,SERVICE_MARKETPLACE,,,,,
Thu Mar 26 11:30:36 UTC 2026,SERVICE_MARKETPLACE,,,,,
Thu Mar 26 12:02:15 UTC 2026,SERVICE_MARKETPLACE,,,,,
Thu Mar 26 17:28:03 UTC 2026,SERVICE_MARKETPLACE,,,,,
Thu Mar 26 17:28:14 UTC 2026,SERVICE_MARKETPLACE,,,,,
Thu Mar 26 17:29:00 UTC 2026,SERVICE_MARKETPLACE,,,,,
Thu Mar 26 11:29:50 UTC 2026,SERVICE_MARKETPLACE,,,,,
Thu Mar 26 11:29:52 UTC 2026,SERVICE_MARKETPLACE,,,,,
Thu Mar 26 11:30:07 UTC 2026,SERVICE_MARKETPLACE,,,,,
Thu Mar 26 11:30:20 UTC 2026,SERVICE_MARKETPLACE,,,,,
Thu Mar 26 11:30:46 UTC 2026,SERVICE_MARKETPLACE,,,,,
Thu Mar 26 17:28:07 UTC 2026,SERVICE_MARKETPLACE,"Hello Robin Edwan,  Greetings!!!  Are you tired of your resume getting lost in the shuffle?  Did you know that 85% of resumes are rejected by Applicant Tracking Systems (ATS)?  As a seasoned career coach with 15+ years of experience, I help ambitious professionals like you craft ATS-friendly resumes and LinkedIn profiles that showcase your strengths and achievements.  Whether you're a C-level executive, leadership aspirant, or mid-career professional, my expert services will help you:  • Stand out in a competitive job market • Increase your visibility to recruiters and hiring managers • Boost your confidence and career growth  Ready to transform your career?  Let's get started!  Share your resume and contact details, and I'll be in touch to discuss how my personalized services can help you achieve your career goals.  Services Offered: • Resume Writing • LinkedIn Profile Optimization • Career Coaching • Interview Preparation  Looking forward to empowering your career success!  Cheers, Deepa Rajan Ph: 9036846673 Write to: deeparajan890@gmail.com",,,,false
Thu Mar 26 17:28:18 UTC 2026,SERVICE_MARKETPLACE,,,,,
Thu Mar 26 17:28:21 UTC 2026,SERVICE_MARKETPLACE,,,,,
Thu Mar 26 17:29:41 UTC 2026,SERVICE_MARKETPLACE,,,,,
Thu Mar 26 11:30:10 UTC 2026,SERVICE_MARKETPLACE,,,,,
Thu Mar 26 11:30:27 UTC 2026,SERVICE_MARKETPLACE,,,,,
Thu Mar 26 11:30:42 UTC 2026,SERVICE_MARKETPLACE,"Hi Robin,   I hope you are doing well. Thank you for considering my professional resume writing services to help you with the next career move. I specialize in helping professionals clearly present their skills, achievements, and career value in a way that appeals to both applicant tracking systems (ATS) and hiring decision-makers.   Here’s how we can begin:  please share your current resume along with the types of roles you’re targeting. I’ll provide a tailored review and a detailed plan for transforming your resume into a high-impact, modern document.  You can attach your resume here or email it directly to: rashee.resumewriter@gmail.com / WhatsApp: ‪+971 50 668 5102‬  Once I review your background and understand the level of positioning required, I’ll share a clear price quote based on the scope of work.  I look forward to working together. Please feel free to reach out with any questions.   Best regards,  Abdul Rasheed",,,,false
Thu Mar 26 11:30:43 UTC 2026,SERVICE_MARKETPLACE,,,,,
Thu Mar 26 11:31:27 UTC 2026,SERVICE_MARKETPLACE,,,,,
Thu Mar 26 12:01:38 UTC 2026,SERVICE_MARKETPLACE,,,,,
Thu Mar 26 17:28:01 UTC 2026,SERVICE_MARKETPLACE,,,,,
Thu Mar 26 17:28:02 UTC 2026,SERVICE_MARKETPLACE,,,,,
Thu Mar 26 17:28:14 UTC 2026,SERVICE_MARKETPLACE,,,,,
Thu Mar 26 17:28:43 UTC 2026,SERVICE_MARKETPLACE,,,,,
Thu Mar 26 17:28:49 UTC 2026,SERVICE_MARKETPLACE,,,,,
Thu Mar 26 17:29:24 UTC 2026,SERVICE_MARKETPLACE,"Dear Robin Edwan, We would like to offer our services regarding resume revamp and LinkedIn profile optimization. We will work with you to refine and optimize your materials, ensuring they clearly showcase your skills, experience and potential to future employers.   Key Provisions:  • ATS-Optimized Resume– Professionally written and visually appealing to highlight your qualifications and achievements, ensuring it passes ATS (Applicant Tracking System) screening.  • Customized Cover Letter – Tailored to reflect your unique skills and qualifications, offering a compelling introduction to prospective employers.  • LinkedIn Profile Optimization – Strategically crafted to boost your online presence and align with your resume for a cohesive personal brand.  • Editable + PDF Versions – Delivered in both formats for ease of updates and direct application use.  • Unlimited Amendments – I’ll fine-tune your materials until you're fully satisfied.    We offer a range of professional and reliable services tailored to meet your needs. Our pricing is highly competitive, ensuring affordability without compromising quality.   We look forward to helping you create a strong, impactful application that gets noticed.    Regards,    Nisar Ahmed Resume & LinkedIn Specialist Mass IT Limited, UK",,,,false
Sun Nov 02 10:10:23 UTC 2025,SERVICE_MARKETPLACE,,,,,
Sun Nov 02 11:34:03 UTC 2025,SERVICE_MARKETPLACE,,,,,
Sun Nov 02 11:34:04 UTC 2025,SERVICE_MARKETPLACE,,,,,
Sun Nov 02 11:34:09 UTC 2025,SERVICE_MARKETPLACE,,,,,
Sun Nov 02 11:34:21 UTC 2025,SERVICE_MARKETPLACE,,,,,
Sun Nov 02 11:34:25 UTC 2025,SERVICE_MARKETPLACE,,,,,
Sun Nov 02 11:34:28 UTC 2025,SERVICE_MARKETPLACE,,,,,
Sun Nov 02 11:34:35 UTC 2025,SERVICE_MARKETPLACE,,,,,
Sun Nov 02 11:34:38 UTC 2025,SERVICE_MARKETPLACE,,,,,
Sun Nov 02 11:34:41 UTC 2025,SERVICE_MARKETPLACE,,,,,
Sun Nov 02 11:34:47 UTC 2025,SERVICE_MARKETPLACE,,,,,
Sun Nov 02 11:34:50 UTC 2025,SERVICE_MARKETPLACE,,,,,
Sun Nov 02 11:34:50 UTC 2025,SERVICE_MARKETPLACE,,,,,
Sun Nov 02 11:34:52 UTC 2025,SERVICE_MARKETPLACE,,,,,
Sun Nov 02 11:34:59 UTC 2025,SERVICE_MARKETPLACE,,,,,
Sun Nov 02 11:35:02 UTC 2025,SERVICE_MARKETPLACE,,,,,
Sun Nov 02 11:35:02 UTC 2025,SERVICE_MARKETPLACE,,,,,
Sun Nov 02 11:35:03 UTC 2025,SERVICE_MARKETPLACE,,,,,
Sun Nov 02 11:35:04 UTC 2025,SERVICE_MARKETPLACE,,,,,
Sun Nov 02 11:35:05 UTC 2025,SERVICE_MARKETPLACE,,,,,
Sun Nov 02 11:35:08 UTC 2025,SERVICE_MARKETPLACE,,,,,
Sun Nov 02 11:35:57 UTC 2025,SERVICE_MARKETPLACE,,,,,
Sun Nov 02 13:20:46 UTC 2025,SERVICE_MARKETPLACE,,,,,
Sun Nov 02 13:21:00 UTC 2025,SERVICE_MARKETPLACE,,,,,
Sun Nov 02 13:21:01 UTC 2025,SERVICE_MARKETPLACE,,,,,
Sun Nov 02 13:21:37 UTC 2025,SERVICE_MARKETPLACE,"Hello Robin,  I’m reaching out on behalf of Codexa Digital to help elevate EcoTech UAE’s brand. Codexa Digital is a full-service digital agency based in Dubai, specializing in web and mobile app development, UI/UX design, digital marketing, social media management, and SEO.   We help businesses and brands elevate their digital presence, engage their audiences, and drive measurable results. Combining creativity, strategy, and technology, Codexa Digital delivers modern, scalable, and impactful solutions tailored to your goals. We have skilled teams in both the UAE and India, delivering high-quality solutions at competitive pricing.   We’d love to help EcoTech UAE communicate its vision and make a lasting impression. To better tailor our approach, could you provide more details on your current visual identity, target audiences, preferred channels, and any specific design or content expectations?  Best regards, Sumesh Nair - Digital Project Manager Codexa Digital info@codexadigital.com",,,,false
Sun Nov 02 13:21:43 UTC 2025,SERVICE_MARKETPLACE,,,,,
Sun Nov 02 13:21:49 UTC 2025,SERVICE_MARKETPLACE,,,,,
Sun Nov 02 16:46:16 UTC 2025,SERVICE_MARKETPLACE,,,,,
Sun Nov 02 16:46:50 UTC 2025,SERVICE_MARKETPLACE,,,,,
Sun Nov 02 17:34:34 UTC 2025,SERVICE_MARKETPLACE,,,,,
Sun Nov 02 17:34:49 UTC 2025,SERVICE_MARKETPLACE,,,,,
Sun Nov 02 17:34:56 UTC 2025,SERVICE_MARKETPLACE,,,,,
Sun Nov 02 17:34:59 UTC 2025,SERVICE_MARKETPLACE,,,,,
Sun Nov 02 17:35:02 UTC 2025,SERVICE_MARKETPLACE,,,,,
Sun Nov 02 17:35:04 UTC 2025,SERVICE_MARKETPLACE,,,,,
Sun Nov 02 17:35:08 UTC 2025,SERVICE_MARKETPLACE,,,,,
Sun Nov 02 17:35:10 UTC 2025,SERVICE_MARKETPLACE,,,,,
Sun Nov 02 17:35:17 UTC 2025,SERVICE_MARKETPLACE,,,,,
Sun Nov 02 17:35:23 UTC 2025,SERVICE_MARKETPLACE,,,,,
Sun Nov 02 17:35:23 UTC 2025,SERVICE_MARKETPLACE,,,,,
Sun Nov 02 17:35:40 UTC 2025,SERVICE_MARKETPLACE,,,,,
Sun Nov 02 17:38:37 UTC 2025,SERVICE_MARKETPLACE,,,,,
Sun Nov 02 17:45:29 UTC 2025,SERVICE_MARKETPLACE,,,,,
Sun Nov 02 17:48:56 UTC 2025,SERVICE_MARKETPLACE,,,,,
Sun Nov 02 17:49:05 UTC 2025,SERVICE_MARKETPLACE,,,,,
Sun Nov 02 17:49:19 UTC 2025,SERVICE_MARKETPLACE,,,,,
Sun Nov 02 17:49:22 UTC 2025,SERVICE_MARKETPLACE,,,,,
Sun Nov 02 17:49:23 UTC 2025,SERVICE_MARKETPLACE,,,,,
Sun Nov 02 17:49:53 UTC 2025,SERVICE_MARKETPLACE,,,,,
Sun Nov 02 17:54:20 UTC 2025,SERVICE_MARKETPLACE,,,,,
Sun Nov 02 17:55:06 UTC 2025,SERVICE_MARKETPLACE,,,,,
Sun Nov 02 17:55:09 UTC 2025,SERVICE_MARKETPLACE,,,,,
Sun Nov 02 11:34:12 UTC 2025,SERVICE_MARKETPLACE,,,,,
Sun Nov 02 11:34:21 UTC 2025,SERVICE_MARKETPLACE,"Subject: Strategic Brand Marketing to Elevate EcoTech UAE’s Presence  Hi Robin,  I’d be delighted to help EcoTech UAE strengthen its brand identity and digital presence to reflect its leadership in sustainability, circular economy, and environmental innovation.  With experience working on brand positioning, storytelling, and digital marketing for purpose-driven organizations, I can create a cohesive strategy that communicates your impact to government, corporate, and academic partners.  Here’s what I can deliver: ✅ Brand Positioning & Visual Identity Refresh – Align design and messaging with your sustainability mission. ✅ Strategic Storytelling & Content – Craft narratives that inspire trust and collaboration. ✅ Digital Presence Optimization – Improve website and social visibility to strengthen credibility. ✅ Campaign & Communication Plan – Develop clear messaging for outreach and partnerships.  I’d love to schedule a quick call to discuss your goals and share a concept outline tailored to EcoTech UAE’s brand vision.  Best regards, Anas Khan Brand & Digital Marketing Strategist 📞 +971 588503465 | +91 9955732822",,,,false
Sun Nov 02 11:34:25 UTC 2025,SERVICE_MARKETPLACE,,,,,
Sun Nov 02 11:34:39 UTC 2025,SERVICE_MARKETPLACE,,,,,
Sun Nov 02 11:34:41 UTC 2025,SERVICE_MARKETPLACE,,,,,
Sun Nov 02 11:34:42 UTC 2025,SERVICE_MARKETPLACE,,,,,
Sun Nov 02 11:34:42 UTC 2025,SERVICE_MARKETPLACE,,,,,
Sun Nov 02 11:34:43 UTC 2025,SERVICE_MARKETPLACE,,,,,
Sun Nov 02 11:34:44 UTC 2025,SERVICE_MARKETPLACE,,,,,
Sun Nov 02 11:34:44 UTC 2025,SERVICE_MARKETPLACE,,,,,
Sun Nov 02 11:34:47 UTC 2025,SERVICE_MARKETPLACE,,,,,
Sun Nov 02 11:34:48 UTC 2025,SERVICE_MARKETPLACE,,,,,
Sun Nov 02 11:34:53 UTC 2025,SERVICE_MARKETPLACE,,,,,
Sun Nov 02 11:34:56 UTC 2025,SERVICE_MARKETPLACE,,,,,
Sun Nov 02 11:34:59 UTC 2025,SERVICE_MARKETPLACE,,,,,
Sun Nov 02 11:35:00 UTC 2025,SERVICE_MARKETPLACE,,,,,
Sun Nov 02 11:35:00 UTC 2025,SERVICE_MARKETPLACE,,,,,
Sun Nov 02 11:35:05 UTC 2025,SERVICE_MARKETPLACE,,,,,
Sun Nov 02 11:35:06 UTC 2025,SERVICE_MARKETPLACE,,,,,
Sun Nov 02 11:35:16 UTC 2025,SERVICE_MARKETPLACE,,,,,
Sun Nov 02 11:35:17 UTC 2025,SERVICE_MARKETPLACE,,,,,
Sun Nov 02 11:35:19 UTC 2025,SERVICE_MARKETPLACE,,,,,
Sun Nov 02 11:35:39 UTC 2025,SERVICE_MARKETPLACE,,,,,
Sun Nov 02 11:35:43 UTC 2025,SERVICE_MARKETPLACE,,,,,
Sun Nov 02 11:35:44 UTC 2025,SERVICE_MARKETPLACE,,,,,
Sun Nov 02 11:35:48 UTC 2025,SERVICE_MARKETPLACE,,,,,
Sun Nov 02 11:35:58 UTC 2025,SERVICE_MARKETPLACE,,,,,
Sun Nov 02 11:36:03 UTC 2025,SERVICE_MARKETPLACE,,,,,
Sun Nov 02 11:36:09 UTC 2025,SERVICE_MARKETPLACE,,,,,
Sun Nov 02 11:36:24 UTC 2025,SERVICE_MARKETPLACE,,,,,
Sun Nov 02 11:36:36 UTC 2025,SERVICE_MARKETPLACE,,,,,
Sun Nov 02 13:20:43 UTC 2025,SERVICE_MARKETPLACE,,,,,
Sun Nov 02 13:21:18 UTC 2025,SERVICE_MARKETPLACE,,,,,
Sun Nov 02 13:21:29 UTC 2025,SERVICE_MARKETPLACE,,,,,
Sun Nov 02 16:46:33 UTC 2025,SERVICE_MARKETPLACE,,,,,
Sun Nov 02 17:34:49 UTC 2025,SERVICE_MARKETPLACE,,,,,
Sun Nov 02 17:34:53 UTC 2025,SERVICE_MARKETPLACE,,,,,
Sun Nov 02 17:35:00 UTC 2025,SERVICE_MARKETPLACE,,,,,
Sun Nov 02 17:35:08 UTC 2025,SERVICE_MARKETPLACE,,,,,
Sun Nov 02 17:35:13 UTC 2025,SERVICE_MARKETPLACE,,,,,
Sun Nov 02 17:35:16 UTC 2025,SERVICE_MARKETPLACE,,,,,
Sun Nov 02 17:35:19 UTC 2025,SERVICE_MARKETPLACE,,,,,
Sun Nov 02 17:35:19 UTC 2025,SERVICE_MARKETPLACE,,,,,
Sun Nov 02 17:35:22 UTC 2025,SERVICE_MARKETPLACE,,,,,
Sun Nov 02 17:35:25 UTC 2025,SERVICE_MARKETPLACE,,,,,
Sun Nov 02 17:35:28 UTC 2025,SERVICE_MARKETPLACE,,,,,
Sun Nov 02 17:35:30 UTC 2025,SERVICE_MARKETPLACE,"On May 20, 2025, Google quietly rewired its entire search system — shifting toward AI-driven ranking and response generation. Overnight, thousands of websites that once ranked well dropped off the map. That’s where we come in.  At JAC Consulting SEO Blueprint, we help business owners thrive in this new AI-powered landscape. With over two decades in digital marketing, we’ve seen every shift — from keyword stuffing to website cloning to mobile-first indexing to the rise of entity-based AI search.  Our 6-Month Done-For-You Blueprint ~ complete with content ~ is built to make your website visible again:  This is daily step by step guide with a content driven purpose to put your website at the top of AI and other search engines.  What else we deliver a detailed and actionable website SEO Audit. A 30 to 50 list of relevant keywords to boost your presence with geography supplement.  All for just $250 — a fraction of what agencies charge. NOT $250 a month. just a 1 time fee of $250  We don’t sell fluff. We deliver visibility that converts.",,,,true
Sun Nov 02 17:35:35 UTC 2025,SERVICE_MARKETPLACE,,,,,
Sun Nov 02 17:35:36 UTC 2025,SERVICE_MARKETPLACE,,,,,
Sun Nov 02 17:35:38 UTC 2025,SERVICE_MARKETPLACE,,,,,
Sun Nov 02 17:35:39 UTC 2025,SERVICE_MARKETPLACE,,,,,
Sun Nov 02 17:35:47 UTC 2025,SERVICE_MARKETPLACE,,,,,
Sun Nov 02 17:35:53 UTC 2025,SERVICE_MARKETPLACE,,,,,
Sun Nov 02 17:36:00 UTC 2025,SERVICE_MARKETPLACE,,,,,
Sun Nov 02 17:36:06 UTC 2025,SERVICE_MARKETPLACE,,,,,
Sun Nov 02 17:36:11 UTC 2025,SERVICE_MARKETPLACE,,,,,
Sun Nov 02 17:37:40 UTC 2025,SERVICE_MARKETPLACE,,,,,
Sun Nov 02 11:34:15 UTC 2025,SERVICE_MARKETPLACE,,,,,
Sun Nov 02 11:34:31 UTC 2025,SERVICE_MARKETPLACE,,,,,
Sun Nov 02 11:34:36 UTC 2025,SERVICE_MARKETPLACE,,,,,
Sun Nov 02 11:34:43 UTC 2025,SERVICE_MARKETPLACE,,,,,
Sun Nov 02 11:34:43 UTC 2025,SERVICE_MARKETPLACE,,,,,
Sun Nov 02 11:34:44 UTC 2025,SERVICE_MARKETPLACE,,,,,
Sun Nov 02 11:34:46 UTC 2025,SERVICE_MARKETPLACE,,,,,
Sun Nov 02 11:34:48 UTC 2025,SERVICE_MARKETPLACE,,,,,
Sun Nov 02 11:34:50 UTC 2025,SERVICE_MARKETPLACE,,,,,
Sun Nov 02 11:34:54 UTC 2025,SERVICE_MARKETPLACE,,,,,
Sun Nov 02 11:34:57 UTC 2025,SERVICE_MARKETPLACE,,,,,
Sun Nov 02 11:35:01 UTC 2025,SERVICE_MARKETPLACE,,,,,
Sun Nov 02 11:35:01 UTC 2025,SERVICE_MARKETPLACE,"Hello Mr.Robin Edwan,  I am Prashant Dagha, founder, Camphor Media & Ace E Services from Mumbai, India. I have seen your inquiry and I can help you with  1. Strategic visual engaging content creation 2. Strategic social media marketing and positioning  I have been in this space for last 23 years and have worked internationally as well. Let me know, if you'd be ok with it, so that we can further take it ahead.  Looking forward to hearing from you.  Best wishes,  Prashant",,,,false
Sun Nov 02 11:35:03 UTC 2025,SERVICE_MARKETPLACE,,,,,
Sun Nov 02 11:35:07 UTC 2025,SERVICE_MARKETPLACE,,,,,
Sun Nov 02 11:35:11 UTC 2025,SERVICE_MARKETPLACE,,,,,
Sun Nov 02 11:35:13 UTC 2025,SERVICE_MARKETPLACE,,,,,
Sun Nov 02 11:35:20 UTC 2025,SERVICE_MARKETPLACE,,,,,
Sun Nov 02 11:35:35 UTC 2025,SERVICE_MARKETPLACE,,,,,
Sun Nov 02 11:35:40 UTC 2025,SERVICE_MARKETPLACE,,,,,
Sun Nov 02 11:35:45 UTC 2025,SERVICE_MARKETPLACE,,,,,
Sun Nov 02 11:35:54 UTC 2025,SERVICE_MARKETPLACE,,,,,
Sun Nov 02 11:35:56 UTC 2025,SERVICE_MARKETPLACE,,,,,
Sun Nov 02 11:35:56 UTC 2025,SERVICE_MARKETPLACE,,,,,
Sun Nov 02 11:36:19 UTC 2025,SERVICE_MARKETPLACE,,,,,
Sun Nov 02 11:36:23 UTC 2025,SERVICE_MARKETPLACE,,,,,
Sun Nov 02 13:21:16 UTC 2025,SERVICE_MARKETPLACE,,,,,
Sun Nov 02 13:21:18 UTC 2025,SERVICE_MARKETPLACE,,,,,
Sun Nov 02 16:47:10 UTC 2025,SERVICE_MARKETPLACE,,,,,
Sun Nov 02 17:34:36 UTC 2025,SERVICE_MARKETPLACE,,,,,
Sun Nov 02 17:34:40 UTC 2025,SERVICE_MARKETPLACE,,,,,
Sun Nov 02 17:34:45 UTC 2025,SERVICE_MARKETPLACE,,,,,
Sun Nov 02 17:34:55 UTC 2025,SERVICE_MARKETPLACE,,,,,
Sun Nov 02 17:34:58 UTC 2025,SERVICE_MARKETPLACE,,,,,
Sun Nov 02 17:35:01 UTC 2025,SERVICE_MARKETPLACE,,,,,
Sun Nov 02 17:35:09 UTC 2025,SERVICE_MARKETPLACE,,,,,
Sun Nov 02 17:35:20 UTC 2025,SERVICE_MARKETPLACE,,,,,
Sun Nov 02 17:35:23 UTC 2025,SERVICE_MARKETPLACE,,,,,
Sun Nov 02 17:35:24 UTC 2025,SERVICE_MARKETPLACE,,,,,
Sun Nov 02 17:35:30 UTC 2025,SERVICE_MARKETPLACE,,,,,
Sun Nov 02 17:35:31 UTC 2025,SERVICE_MARKETPLACE,,,,,
Sun Nov 02 17:35:36 UTC 2025,SERVICE_MARKETPLACE,,,,,
Sun Nov 02 17:35:40 UTC 2025,SERVICE_MARKETPLACE,,,,,
Sun Nov 02 17:35:42 UTC 2025,SERVICE_MARKETPLACE,,,,,
Sun Nov 02 17:35:46 UTC 2025,SERVICE_MARKETPLACE,,,,,
Sun Nov 02 17:35:47 UTC 2025,SERVICE_MARKETPLACE,,,,,
Sun Nov 02 17:35:59 UTC 2025,SERVICE_MARKETPLACE,,,,,
Sun Nov 02 17:36:02 UTC 2025,SERVICE_MARKETPLACE,,,,,
Sun Nov 02 17:36:08 UTC 2025,SERVICE_MARKETPLACE,,,,,
Sun Nov 02 17:36:17 UTC 2025,SERVICE_MARKETPLACE,,,,,
Sun Nov 02 17:36:31 UTC 2025,SERVICE_MARKETPLACE,,,,,
Sun Nov 02 17:37:10 UTC 2025,SERVICE_MARKETPLACE,,,,,
Sun Nov 02 17:37:10 UTC 2025,SERVICE_MARKETPLACE,,,,,
Sun Nov 02 17:37:10 UTC 2025,SERVICE_MARKETPLACE,,,,,
Sun Nov 02 17:37:15 UTC 2025,SERVICE_MARKETPLACE,,,,,
Sun Nov 02 17:37:15 UTC 2025,SERVICE_MARKETPLACE,,,,,
Sun Nov 02 17:37:29 UTC 2025,SERVICE_MARKETPLACE,,,,,
Sun Nov 02 17:38:27 UTC 2025,SERVICE_MARKETPLACE,,,,,
Sun Nov 02 17:52:13 UTC 2025,SERVICE_MARKETPLACE,,,,,
Sun Nov 02 17:52:43 UTC 2025,SERVICE_MARKETPLACE,,,,,
Sun Nov 02 17:52:43 UTC 2025,SERVICE_MARKETPLACE,,,,,
Sun Nov 02 17:52:43 UTC 2025,SERVICE_MARKETPLACE,,,,,
Thu Oct 30 13:05:08 UTC 2025,SERVICE_MARKETPLACE,,,,,
Thu Oct 30 15:51:25 UTC 2025,SERVICE_MARKETPLACE,,,,,
Thu Oct 30 17:12:09 UTC 2025,SERVICE_MARKETPLACE,,,,,
Thu Oct 30 17:12:14 UTC 2025,SERVICE_MARKETPLACE,,,,,
Thu Oct 30 17:12:26 UTC 2025,SERVICE_MARKETPLACE,,,,,
Thu Oct 30 17:12:29 UTC 2025,SERVICE_MARKETPLACE,,,,,
Thu Oct 30 17:12:31 UTC 2025,SERVICE_MARKETPLACE,,,,,
Thu Oct 30 17:12:41 UTC 2025,SERVICE_MARKETPLACE,,,,,
Thu Oct 30 17:12:41 UTC 2025,SERVICE_MARKETPLACE,,,,,
Thu Oct 30 17:12:55 UTC 2025,SERVICE_MARKETPLACE,,,,,
Thu Oct 30 17:12:58 UTC 2025,SERVICE_MARKETPLACE,"Hi Robin, Interesting brief  the focus on investor engagement and PPP positioning for EcoTech UAE really caught my eye.   Before we explore how we can support, could you share a bit more on what you’re envisioning for scope, timelines, and the budget range you’ve set aside.  If it helps, we can set up a quick 15 min call early next week to talk it through in detail.  Best, Narendran  +91 90354 52630 naren@fiscalworldpartner.com www.fiscalworldpartner.com",,,,true
Thu Oct 30 17:13:00 UTC 2025,SERVICE_MARKETPLACE,,,,,
Thu Oct 30 17:13:20 UTC 2025,SERVICE_MARKETPLACE,,,,,
Thu Oct 30 17:13:30 UTC 2025,SERVICE_MARKETPLACE,,,,,
Thu Oct 30 17:14:40 UTC 2025,SERVICE_MARKETPLACE,,,,,
Thu Oct 30 17:19:04 UTC 2025,SERVICE_MARKETPLACE,,,,,
Thu Oct 30 17:22:10 UTC 2025,SERVICE_MARKETPLACE,,,,,
Thu Oct 30 17:22:10 UTC 2025,SERVICE_MARKETPLACE,"Hi Robin, Happy to support your brand in expanding the brand visibility, reach, customer engagement and market regions. I can help you with my martech skills on building strategies and implementing them stage by stage. We will improve or rework on the activities based on the response from the market and the audience.  Can you please let me know more on the duties and remuneration on this offer?",,,,false
Thu Oct 30 17:23:02 UTC 2025,SERVICE_MARKETPLACE,,,,,
Thu Oct 30 17:23:54 UTC 2025,SERVICE_MARKETPLACE,,,,,
Thu Oct 30 17:28:31 UTC 2025,SERVICE_MARKETPLACE,,,,,
Thu Oct 30 17:30:31 UTC 2025,SERVICE_MARKETPLACE,"Unlock Up to 60% Cost Savings with 4C Outsourcing Solutions Dear  I hope this message finds you well and your week is off to a productive start. As the CEO of 4C Outsourcing Co., I’m pleased to share a strategic proposal designed to help your business cut operational costs by up to 60% through smart, scalable outsourcing. We specialize in supporting eCommerce businesses and fast-growing brands through the following services: 1- Call Center Support: Bilingual Arabic/English agents delivering responsive and empathetic customer service. 2- 24/7 Sales Operations: Around-the-clock assistance to ensure every customer inquiry or order is handled promptly. 3- Customer Service & E-Commerce Operations: Seamless handling of order processing, returns, tracking, and customer engagement across all sales channels. 4- Social Media Management: Strengthening your digital presence with results-driven content and community management. 5- Recruting & Hr Services (PRO) (EOR): hire, manage, and retain talent effortlessly. From recruitment and onboarding to payroll, compliance, and Employer of Record (EOR) services  By partnering with 4C Outsourcing Co., you gain access to skilled, reliable teams that allow you to focus on scaling your business—while we handle the day-to-day operations efficiently and professionally. I'd be happy to schedule a brief call to discuss how we can tailor our services to meet your specific needs. Looking forward to the opportunity to collaborate. Warm regards,",,,,false
Thu Oct 30 17:30:37 UTC 2025,SERVICE_MARKETPLACE,,,,,
Thu Oct 30 17:30:42 UTC 2025,SERVICE_MARKETPLACE,,,,,
Thu Oct 30 17:30:42 UTC 2025,SERVICE_MARKETPLACE,,,,,
Thu Oct 30 17:30:47 UTC 2025,SERVICE_MARKETPLACE,,,,,
Thu Oct 30 17:31:04 UTC 2025,SERVICE_MARKETPLACE,,,,,
Thu Oct 30 17:31:13 UTC 2025,SERVICE_MARKETPLACE,,,,,
Thu Oct 30 17:31:14 UTC 2025,SERVICE_MARKETPLACE,,,,,
Thu Oct 30 17:31:28 UTC 2025,SERVICE_MARKETPLACE,"🌐 Empowering Innovation with Aura Technologies 🌐  At Aura Technologies, we deliver next-generation technology solutions designed to help businesses grow smarter, faster, and more securely.  Our core services include: 🤖 Artificial Intelligence (AI) Solutions – Intelligent automation, predictive analytics, and machine learning integrations.  🛡️ Cybersecurity & Team Red Services – Advanced threat protection, vulnerability assessments, and offensive security (Red, Blue, Purple & DevSecOps Team) testing.  💻 Web & Mobile App Development – High-performance apps built for scalability, security, and user experience.  ☁️ Cloud & DevOps Solutions – Efficient, secure, and reliable infrastructure management.  🧠 IT Consulting & Managed Services – Strategic technology guidance and complete IT lifecycle management.  🔗 Web3, Blockchain & Smart Contract Development – Decentralized solutions for the next era of the internet.  💼 Custom Software Development – Tailored digital solutions that fit your business goals.  🚀 Our Experience Speaks for Itself With a proven record of developing 200+ successful apps and enterprise-grade platforms, our expert team continues to drive digital transformation across industries worldwide.  💡 Got a project or requirement? We’d love to collaborate!  📧 Share your full requirements: support@auratechnologies.io  📞 For Priority Global Support: WhatsApp +971566116695  Let’s build the future — smarter, faster, and more secure.",,,,true
Thu Oct 30 17:32:20 UTC 2025,SERVICE_MARKETPLACE,,,,,
Thu Oct 30 17:35:30 UTC 2025,SERVICE_MARKETPLACE,,,,,
Thu Oct 30 17:37:31 UTC 2025,SERVICE_MARKETPLACE,,,,,
Thu Oct 30 23:07:13 UTC 2025,SERVICE_MARKETPLACE,,,,,
Thu Oct 30 23:07:24 UTC 2025,SERVICE_MARKETPLACE,,,,,
Thu Oct 30 23:07:35 UTC 2025,SERVICE_MARKETPLACE,,,,,
Thu Oct 30 23:07:39 UTC 2025,SERVICE_MARKETPLACE,,,,,
Thu Oct 30 23:07:46 UTC 2025,SERVICE_MARKETPLACE,,,,,
Thu Oct 30 23:07:49 UTC 2025,SERVICE_MARKETPLACE,"Hi Robin,  EcoTech’s focus is exactly where I help founders turn technical impact into commercial traction.  What I’ll deliver in a 3-month pilot - Positioning & ICPs: Investor + Gov/PPP personas, value props, proof points. - LinkedIn engine: Founder/brand content calendar (EN/AR), thought-leadership posts, case vignettes, and media kit. - Demand plays: Data-driven outreach (investors, municipalities, F&B groups), sequences and follow-ups. - PPP narrative: One-pager + slide story for RFPs/MoUs; success metrics + impact framing. - Analytics: Weekly KPI dashboard (reach, meetings booked, investor/Gov touches, SQLs). - Outcomes: More investor conversations, higher Gov visibility, and a repeatable pipeline for 2026 scale-up.  If helpful, I can start with a 2-week sprint (audit + plan + first 4 posts + outreach list), then roll into the 3-month program. Happy to share fee options and timeline.",,,,false
Thu Oct 30 23:07:50 UTC 2025,SERVICE_MARKETPLACE,,,,,
Thu Oct 30 23:07:51 UTC 2025,SERVICE_MARKETPLACE,,,,,
Thu Oct 30 23:07:51 UTC 2025,SERVICE_MARKETPLACE,,,,,
Thu Oct 30 23:07:57 UTC 2025,SERVICE_MARKETPLACE,,,,,
Thu Oct 30 23:07:59 UTC 2025,SERVICE_MARKETPLACE,,,,,
Thu Oct 30 23:08:01 UTC 2025,SERVICE_MARKETPLACE,"Business Consulting Proposal – Strategic Growth & Development  Project Overview  This proposal is tailored to deliver a comprehensive one-time business consulting solution for your small team. Whether you're launching a new service, entering a competitive market, or seeking operational improvements — the goal is to provide clear, actionable strategies that create long-term business value.  Scope of Services  ✅ Full Business Plan (Vision, Objectives, Financials)  ✅ Market Research & Competitive Positioning  ✅ Go-to-Market Strategy for New Product/Service  ✅ Custom Sales & Marketing Plan  ✅ Operational Workflow & Efficiency Analysis  ✅ Strategic Action Plan for Implementation  Timeline & Delivery  Start Date: This Week  Turnaround: 7–10 working days  Deliverables: PDF & Editable Business Plan + Market Report + Execution Guide  Why Work With Me?  🎯 Industry versatility: IT, Finance, Education & Marketing  📊  Data-driven approach, actionable insights 🧠  Proven experience scaling small teams efficiently 🤝  personalized consulting with weekly follow-up available  Lets take your business from concept  to clarity — and results.   Mirza Rameez Baig  📧 mrb_09sep@hotmail.com | 📞 +971 50 1449116",,,,false
Thu Oct 30 23:08:01 UTC 2025,SERVICE_MARKETPLACE,,,,,
Thu Oct 30 23:08:02 UTC 2025,SERVICE_MARKETPLACE,,,,,
Thu Oct 30 23:08:02 UTC 2025,SERVICE_MARKETPLACE,,,,,
Thu Oct 30 23:08:04 UTC 2025,SERVICE_MARKETPLACE,,,,,
Thu Oct 30 23:08:07 UTC 2025,SERVICE_MARKETPLACE,,,,,
Thu Oct 30 23:08:08 UTC 2025,SERVICE_MARKETPLACE,,,,,
Thu Oct 30 23:08:09 UTC 2025,SERVICE_MARKETPLACE,,,,,
Thu Oct 30 23:08:14 UTC 2025,SERVICE_MARKETPLACE,,,,,
Thu Oct 30 23:08:20 UTC 2025,SERVICE_MARKETPLACE,,,,,
Thu Oct 30 23:08:22 UTC 2025,SERVICE_MARKETPLACE,,,,,
Thu Oct 30 23:08:23 UTC 2025,SERVICE_MARKETPLACE,,,,,
Thu Oct 30 23:08:25 UTC 2025,SERVICE_MARKETPLACE,,,,,
Thu Oct 30 23:08:31 UTC 2025,SERVICE_MARKETPLACE,,,,,
Thu Oct 30 23:08:46 UTC 2025,SERVICE_MARKETPLACE,,,,,
Thu Oct 30 23:09:32 UTC 2025,SERVICE_MARKETPLACE,,,,,
Thu Oct 30 23:09:51 UTC 2025,SERVICE_MARKETPLACE,,,,,
Thu Oct 30 23:11:00 UTC 2025,SERVICE_MARKETPLACE,,,,,
Thu Oct 30 23:39:15 UTC 2025,SERVICE_MARKETPLACE,"Hi Robin, At Artigence Interactive & Branding Agency, we specialize in shaping brand and communication strategies that connect innovation with visibility. For EcoTech UAE, our focus would be: Strengthening LinkedIn positioning to attract investors and public-sector attention Developing content narratives that communicate the value of your Smart Environmental Integration Initiative Designing outreach campaigns backed by data and strategy to drive visibility and partnerships Our experience blends sustainability storytelling with marketing intelligence, helping brands like yours move from technical to truly impactful communication. View our work: https://artigence.gallery Instagram: @artigence.ae Phone: +971 52 394 4576 Best, Artigence Interactive & Branding Agency, Dubai",,,,false
Thu Oct 30 23:39:15 UTC 2025,SERVICE_MARKETPLACE,"Hi Ravendra, thanks for the brief.   We are Boost My Business (Dubai). We deliver one-time, founder-ready business plans for individuals. Scope: executive summary, market and competitor snapshot, business model and pricing, go-to-market and sales, operations and milestones, 3–5 year financial projections, risks and next steps.   We can start this week. Can we book a 20-min call or a quick meeting in Dubai to align and kick off? Dubai (Call/WhatsApp): +971 52 714 8075 — Hemant, Boost My Business",,,,true
Thu Oct 30 23:39:22 UTC 2025,SERVICE_MARKETPLACE,,,,,
Thu Oct 30 23:39:24 UTC 2025,SERVICE_MARKETPLACE,,,,,
Thu Oct 30 23:39:33 UTC 2025,SERVICE_MARKETPLACE,,,,,
Thu Oct 30 23:39:36 UTC 2025,SERVICE_MARKETPLACE,,,,,
Thu Oct 30 23:39:56 UTC 2025,SERVICE_MARKETPLACE,,,,,
Mon Nov 10 12:45:23 UTC 2025,SERVICE_MARKETPLACE,,,,,
Thu Oct 30 15:52:30 UTC 2025,SERVICE_MARKETPLACE,,,,,
Thu Oct 30 17:12:02 UTC 2025,SERVICE_MARKETPLACE,,,,,
Thu Oct 30 17:12:17 UTC 2025,SERVICE_MARKETPLACE,,,,,
Thu Oct 30 17:12:22 UTC 2025,SERVICE_MARKETPLACE,,,,,
Thu Oct 30 17:12:26 UTC 2025,SERVICE_MARKETPLACE,,,,,
Thu Oct 30 17:12:31 UTC 2025,SERVICE_MARKETPLACE,Hello     I hope you are doing great   Please let me know how I can help you     Best regards     Tachgeldi Gurbannazarov,,,,false
Thu Oct 30 17:12:34 UTC 2025,SERVICE_MARKETPLACE,,,,,
Thu Oct 30 17:12:36 UTC 2025,SERVICE_MARKETPLACE,,,,,
Thu Oct 30 17:12:36 UTC 2025,SERVICE_MARKETPLACE,,,,,
Thu Oct 30 17:12:39 UTC 2025,SERVICE_MARKETPLACE,,,,,
Thu Oct 30 17:12:49 UTC 2025,SERVICE_MARKETPLACE,,,,,
Thu Oct 30 17:12:50 UTC 2025,SERVICE_MARKETPLACE,,,,,
Thu Oct 30 17:12:51 UTC 2025,SERVICE_MARKETPLACE,,,,,
Thu Oct 30 17:12:53 UTC 2025,SERVICE_MARKETPLACE,,,,,
Thu Oct 30 17:12:59 UTC 2025,SERVICE_MARKETPLACE,,,,,
Thu Oct 30 17:13:18 UTC 2025,SERVICE_MARKETPLACE,,,,,
Thu Oct 30 17:13:21 UTC 2025,SERVICE_MARKETPLACE,,,,,
Thu Oct 30 17:13:25 UTC 2025,SERVICE_MARKETPLACE,,,,,
Thu Oct 30 17:13:36 UTC 2025,SERVICE_MARKETPLACE,,,,,
Thu Oct 30 17:13:47 UTC 2025,SERVICE_MARKETPLACE,,,,,
Thu Oct 30 17:13:58 UTC 2025,SERVICE_MARKETPLACE,,,,,
Thu Oct 30 17:14:25 UTC 2025,SERVICE_MARKETPLACE,,,,,
Thu Oct 30 17:14:31 UTC 2025,SERVICE_MARKETPLACE,,,,,
Thu Oct 30 17:14:45 UTC 2025,SERVICE_MARKETPLACE,,,,,
Thu Oct 30 17:15:06 UTC 2025,SERVICE_MARKETPLACE,"A³&Co.®: Driving Decarbonization, Sustainability, and Digital Maturity  Who We Are A³&Co.® is a pioneering consultancy specializing in decarbonization, sustainability, and digital maturity. Operating across GCC, MENA, and Sub-Saharan Africa (SSA), the company offers expertise tailored for cement, built environment, and heavy industry sectors. Our innovative ""Design to Implement"" (D2I) consultancy bridges strategic vision with actionable solutions, ensuring measurable outcomes for clients.  Our Approach The D2I framework positions A³&Co.® as a leader in addressing industry challenges. With a presence in 23 countries, we combine global expertise with localized strategies to deliver impactful solutions. Our decarbonization strategies align seamlessly with operational excellence and innovation, offering bespoke pathways to achieve net-zero targets.  Service Portfolio A³&Co.® provides a comprehensive range of services to facilitate sustainable transformation, including: 1. Operational Excellence 2. Carbon Management 3. Alternative Fuels & Materials 4. Investment Sourcing 5. Digital Solutions 6. Carbon Credit Management  for further information contact amr.nader@a3cement.com and info@a3cement.com",,,,
Thu Oct 30 23:07:23 UTC 2025,SERVICE_MARKETPLACE,,,,,
Thu Oct 30 23:07:29 UTC 2025,SERVICE_MARKETPLACE,,,,,
Thu Oct 30 23:07:30 UTC 2025,SERVICE_MARKETPLACE,,,,,
Thu Oct 30 23:07:37 UTC 2025,SERVICE_MARKETPLACE,,,,,
Thu Oct 30 23:07:37 UTC 2025,SERVICE_MARKETPLACE,,,,,
Thu Oct 30 23:07:38 UTC 2025,SERVICE_MARKETPLACE,,,,,
Thu Oct 30 23:07:38 UTC 2025,SERVICE_MARKETPLACE,,,,,
Thu Oct 30 23:07:44 UTC 2025,SERVICE_MARKETPLACE,,,,,
Thu Oct 30 23:07:51 UTC 2025,SERVICE_MARKETPLACE,,,,,
Thu Oct 30 23:07:51 UTC 2025,SERVICE_MARKETPLACE,,,,,
Thu Oct 30 23:07:52 UTC 2025,SERVICE_MARKETPLACE,,,,,
Thu Oct 30 23:07:56 UTC 2025,SERVICE_MARKETPLACE,,,,,
Thu Oct 30 23:08:01 UTC 2025,SERVICE_MARKETPLACE,,,,,
Thu Oct 30 23:08:10 UTC 2025,SERVICE_MARKETPLACE,,,,,
Thu Oct 30 23:08:14 UTC 2025,SERVICE_MARKETPLACE,,,,,
Thu Oct 30 23:08:17 UTC 2025,SERVICE_MARKETPLACE,,,,,
Thu Oct 30 23:08:20 UTC 2025,SERVICE_MARKETPLACE,,,,,
Thu Oct 30 23:08:24 UTC 2025,SERVICE_MARKETPLACE,,,,,
Thu Oct 30 23:08:24 UTC 2025,SERVICE_MARKETPLACE,,,,,
Thu Oct 30 23:08:33 UTC 2025,SERVICE_MARKETPLACE,,,,,
Thu Oct 30 23:08:34 UTC 2025,SERVICE_MARKETPLACE,,,,,
Thu Oct 30 23:08:37 UTC 2025,SERVICE_MARKETPLACE,,,,,
Thu Oct 30 23:08:41 UTC 2025,SERVICE_MARKETPLACE,,,,,
Thu Oct 30 23:08:45 UTC 2025,SERVICE_MARKETPLACE,,,,,
Thu Oct 30 23:08:56 UTC 2025,SERVICE_MARKETPLACE,,,,,
Thu Oct 30 23:09:15 UTC 2025,SERVICE_MARKETPLACE,,,,,
Thu Oct 30 23:39:09 UTC 2025,SERVICE_MARKETPLACE,,,,,
Thu Oct 30 23:39:11 UTC 2025,SERVICE_MARKETPLACE,,,,,
Thu Oct 30 23:39:31 UTC 2025,SERVICE_MARKETPLACE,,,,,
Thu Oct 30 23:39:32 UTC 2025,SERVICE_MARKETPLACE,,,,,
Thu Oct 30 23:39:37 UTC 2025,SERVICE_MARKETPLACE,,,,,
Thu Oct 30 23:39:41 UTC 2025,SERVICE_MARKETPLACE,,,,,
Thu Oct 30 23:39:47 UTC 2025,SERVICE_MARKETPLACE,,,,,
Thu Oct 30 17:12:19 UTC 2025,SERVICE_MARKETPLACE,,,,,
Thu Oct 30 17:12:19 UTC 2025,SERVICE_MARKETPLACE,,,,,
Thu Oct 30 17:12:23 UTC 2025,SERVICE_MARKETPLACE,,,,,
Thu Oct 30 17:12:27 UTC 2025,SERVICE_MARKETPLACE,,,,,
Thu Oct 30 17:12:53 UTC 2025,SERVICE_MARKETPLACE,,,,,
Thu Oct 30 17:13:02 UTC 2025,SERVICE_MARKETPLACE,,,,,
Thu Oct 30 17:13:14 UTC 2025,SERVICE_MARKETPLACE,,,,,
Thu Oct 30 17:13:16 UTC 2025,SERVICE_MARKETPLACE,,,,,
Thu Oct 30 17:13:29 UTC 2025,SERVICE_MARKETPLACE,,,,,
Thu Oct 30 17:13:33 UTC 2025,SERVICE_MARKETPLACE,,,,,
Thu Oct 30 17:14:00 UTC 2025,SERVICE_MARKETPLACE,,,,,
Thu Oct 30 17:14:13 UTC 2025,SERVICE_MARKETPLACE,,,,,
Thu Oct 30 17:14:29 UTC 2025,SERVICE_MARKETPLACE,,,,,
Thu Oct 30 17:14:35 UTC 2025,SERVICE_MARKETPLACE,,,,,
Thu Oct 30 17:15:21 UTC 2025,SERVICE_MARKETPLACE,,,,,
Thu Oct 30 17:20:00 UTC 2025,SERVICE_MARKETPLACE,,,,,
Thu Oct 30 17:21:43 UTC 2025,SERVICE_MARKETPLACE,,,,,
Thu Oct 30 17:22:02 UTC 2025,SERVICE_MARKETPLACE,,,,,
Thu Oct 30 17:22:22 UTC 2025,SERVICE_MARKETPLACE,,,,,
Thu Oct 30 17:22:26 UTC 2025,SERVICE_MARKETPLACE,,,,,
Thu Oct 30 17:26:52 UTC 2025,SERVICE_MARKETPLACE,,,,,
Thu Oct 30 17:31:07 UTC 2025,SERVICE_MARKETPLACE,,,,,
Thu Oct 30 23:07:19 UTC 2025,SERVICE_MARKETPLACE,,,,,
Thu Oct 30 23:07:22 UTC 2025,SERVICE_MARKETPLACE,,,,,
Thu Oct 30 23:07:27 UTC 2025,SERVICE_MARKETPLACE,,,,,
Thu Oct 30 23:07:31 UTC 2025,SERVICE_MARKETPLACE,,,,,
Thu Oct 30 23:07:37 UTC 2025,SERVICE_MARKETPLACE,,,,,
Thu Oct 30 23:07:40 UTC 2025,SERVICE_MARKETPLACE,,,,,
Thu Oct 30 23:07:44 UTC 2025,SERVICE_MARKETPLACE,,,,,
Thu Oct 30 23:07:49 UTC 2025,SERVICE_MARKETPLACE,,,,,
Thu Oct 30 23:07:54 UTC 2025,SERVICE_MARKETPLACE,,,,,
Thu Oct 30 23:07:58 UTC 2025,SERVICE_MARKETPLACE,,,,,
Thu Oct 30 23:07:59 UTC 2025,SERVICE_MARKETPLACE,,,,,
Thu Oct 30 23:08:04 UTC 2025,SERVICE_MARKETPLACE,,,,,
Thu Oct 30 23:08:05 UTC 2025,SERVICE_MARKETPLACE,,,,,
Thu Oct 30 23:08:05 UTC 2025,SERVICE_MARKETPLACE,"hello dear hope you're doing well.  My services encompass Accounting and Bookkeeping, Financial Consulting, Business Plans, Compliance Service.  I help clients navigate complex markets and make informed decisions to achieve their long-term goals.  Let's schedule a brief introductory call to discuss how tailored advice can secure your financial peace of mind",,,,true
Thu Oct 30 23:08:12 UTC 2025,SERVICE_MARKETPLACE,,,,,
Thu Oct 30 23:08:12 UTC 2025,SERVICE_MARKETPLACE,,,,,
Thu Oct 30 23:08:27 UTC 2025,SERVICE_MARKETPLACE,,,,,
Thu Oct 30 23:08:44 UTC 2025,SERVICE_MARKETPLACE,,,,,
Thu Oct 30 23:08:59 UTC 2025,SERVICE_MARKETPLACE,,,,,
Thu Oct 30 23:09:21 UTC 2025,SERVICE_MARKETPLACE,,,,,
Thu Oct 30 23:09:23 UTC 2025,SERVICE_MARKETPLACE,,,,,
Thu Oct 30 23:09:28 UTC 2025,SERVICE_MARKETPLACE,,,,,
Thu Oct 30 23:39:03 UTC 2025,SERVICE_MARKETPLACE,,,,,
Thu Oct 30 23:39:28 UTC 2025,SERVICE_MARKETPLACE,,,,,
Thu Oct 30 23:39:34 UTC 2025,SERVICE_MARKETPLACE,"hi Robin, thank you for your interest. please provide your contact details and best time to reach, so, our expert can get in touch with you.",,,,true
Thu Oct 30 23:39:46 UTC 2025,SERVICE_MARKETPLACE,,,,,
Thu Oct 30 23:39:51 UTC 2025,SERVICE_MARKETPLACE,,,,,
Mon Oct 06 03:45:49 UTC 2025,SERVICE_MARKETPLACE,,,,,
Mon Oct 06 07:36:02 UTC 2025,SERVICE_MARKETPLACE,,,,,
Mon Oct 06 07:42:42 UTC 2025,SERVICE_MARKETPLACE,,,,,
Mon Oct 06 07:42:49 UTC 2025,SERVICE_MARKETPLACE,,,,,
Mon Oct 06 07:42:52 UTC 2025,SERVICE_MARKETPLACE,,,,,
Mon Oct 06 07:42:53 UTC 2025,SERVICE_MARKETPLACE,,,,,
Mon Oct 06 07:42:59 UTC 2025,SERVICE_MARKETPLACE,,,,,
Mon Oct 06 07:43:05 UTC 2025,SERVICE_MARKETPLACE,,,,,
Mon Oct 06 07:43:06 UTC 2025,SERVICE_MARKETPLACE,,,,,
Mon Oct 06 07:43:15 UTC 2025,SERVICE_MARKETPLACE,,,,,
Mon Oct 06 07:43:19 UTC 2025,SERVICE_MARKETPLACE,,,,,
Mon Oct 06 07:43:24 UTC 2025,SERVICE_MARKETPLACE,,,,,
Mon Oct 06 07:43:24 UTC 2025,SERVICE_MARKETPLACE,,,,,
Mon Oct 06 07:43:24 UTC 2025,SERVICE_MARKETPLACE,,,,,
Mon Oct 06 07:43:25 UTC 2025,SERVICE_MARKETPLACE,,,,,
Mon Oct 06 07:43:31 UTC 2025,SERVICE_MARKETPLACE,,,,,
Mon Oct 06 07:43:36 UTC 2025,SERVICE_MARKETPLACE,,,,,
Mon Oct 06 07:43:41 UTC 2025,SERVICE_MARKETPLACE,,,,,
Mon Oct 06 07:43:43 UTC 2025,SERVICE_MARKETPLACE,,,,,
Mon Oct 06 07:43:46 UTC 2025,SERVICE_MARKETPLACE,,,,,
Mon Oct 06 07:43:49 UTC 2025,SERVICE_MARKETPLACE,,,,,
Mon Oct 06 07:43:57 UTC 2025,SERVICE_MARKETPLACE,,,,,
Mon Oct 06 07:44:08 UTC 2025,SERVICE_MARKETPLACE,,,,,
Mon Oct 06 07:44:08 UTC 2025,SERVICE_MARKETPLACE,"Hi Robin,  I came across your project and was truly impressed by EcoTech’s mission to advance circular economy solutions in the UAE. Your initiative to integrate AI, IoT, and sustainability into a smart waste-to-resource facility aligns strongly with my professional interests in strategy, business consulting, and sustainable operations.  I would love to explore potential collaboration — particularly in structuring partnerships, compliance documentation, and scaling strategies to support your expansion from Ajman to other Emirates.  Would you be open to a brief call this week to discuss synergies?  Warm regards, Princess Confianza M. Chesed-Christian Business Consultant |  📧 princessca2023@gmail.com  | 🌍 Global Executive Support & Strategy",,,,false
Mon Oct 06 07:44:12 UTC 2025,SERVICE_MARKETPLACE,,,,,
Mon Oct 06 07:44:36 UTC 2025,SERVICE_MARKETPLACE,,,,,
Mon Oct 06 07:45:04 UTC 2025,SERVICE_MARKETPLACE,,,,,
Mon Oct 06 07:45:04 UTC 2025,SERVICE_MARKETPLACE,,,,,
Mon Oct 06 13:57:28 UTC 2025,SERVICE_MARKETPLACE,,,,,
Mon Oct 06 13:57:29 UTC 2025,SERVICE_MARKETPLACE,,,,,
Mon Oct 06 13:57:37 UTC 2025,SERVICE_MARKETPLACE,,,,,
Mon Oct 06 13:57:39 UTC 2025,SERVICE_MARKETPLACE,,,,,
Mon Oct 06 13:57:43 UTC 2025,SERVICE_MARKETPLACE,,,,,
Mon Oct 06 13:57:50 UTC 2025,SERVICE_MARKETPLACE,,,,,
Mon Oct 06 13:57:51 UTC 2025,SERVICE_MARKETPLACE,,,,,
Mon Oct 06 13:57:54 UTC 2025,SERVICE_MARKETPLACE,,,,,
Mon Oct 06 13:57:57 UTC 2025,SERVICE_MARKETPLACE,,,,,
Mon Oct 06 13:58:02 UTC 2025,SERVICE_MARKETPLACE,,,,,
Mon Oct 06 13:58:03 UTC 2025,SERVICE_MARKETPLACE,,,,,
Mon Oct 06 13:58:05 UTC 2025,SERVICE_MARKETPLACE,,,,,
Mon Oct 06 13:58:19 UTC 2025,SERVICE_MARKETPLACE,"Hi,  I came across your post about the Waste-to-Resource Facility & Smart Environmental Operations Platform — an excellent initiative that supports the UAE’s National Circular Economy Policy. I’d be glad to collaborate and help you develop this project.  I’m willing to take on this project and can assist with the following deliverables:  ✅ Technical & Strategic Collaboration • Finalization of system design and automation framework • Integration workflow mapping for municipality and regulatory compliance • Development of digital dashboards and AI-based waste traceability  ✅ Funding & Partnership Models • Preparation of scalable financial frameworks and partnership structures • Strategic plan for expansion from Ajman to Fujairah and Sharjah  ✅ Marketing, Investor & Compliance Support • Creation of investor pitch decks, executive summaries, and marketing materials • Assistance in preparing documentation for approvals and certifications  Our professional fee is USD 700 (fixed, one-time payment) for the complete proposal, system design framework, and investor documentation. I can start immediately and deliver the initial outputs within the week.  Would you be open to a quick chat to discuss your project in detail?  Best, Ryan",,,,
Mon Oct 06 13:58:23 UTC 2025,SERVICE_MARKETPLACE,,,,,
Mon Oct 06 13:58:24 UTC 2025,SERVICE_MARKETPLACE,,,,,
Mon Oct 06 13:58:25 UTC 2025,SERVICE_MARKETPLACE,,,,,
Mon Oct 06 13:58:26 UTC 2025,SERVICE_MARKETPLACE,,,,,
Mon Oct 06 13:58:27 UTC 2025,SERVICE_MARKETPLACE,"Hi Robin,  Thank you for sharing details about this impressive initiative. The EcoTech Waste-to-Resource Facility & Smart Environmental Operations Platform is a forward-thinking project that aligns perfectly with the UAE’s sustainability goals. I’d be glad to collaborate with your team on the following fronts:  Technical & Strategic Design: Assist in defining the IoT architecture, AI-based tracking systems, and real-time data automation workflows for end-to-end traceability.  Municipality Integration & Compliance: Develop a structured roadmap for meeting local environmental regulations and integration with Ajman, Fujairah, and Sharjah municipalities.  Funding & Investor Collateral: Create investor decks, grant proposals, and partnership models to support scalability.  Marketing & Brand Positioning: Build communication strategies that highlight EcoTech’s sustainability impact and innovation leadership.  Let’s schedule a quick call to align on your current stage and define the next deliverables.  Best regards, Zeeshan Farooq",,,,false
Mon Oct 06 13:58:30 UTC 2025,SERVICE_MARKETPLACE,,,,,
Mon Oct 06 13:58:33 UTC 2025,SERVICE_MARKETPLACE,,,,,
Mon Oct 06 13:58:42 UTC 2025,SERVICE_MARKETPLACE,,,,,
Mon Oct 06 13:58:55 UTC 2025,SERVICE_MARKETPLACE,,,,,
Mon Oct 06 13:58:58 UTC 2025,SERVICE_MARKETPLACE,,,,,
Mon Oct 06 07:42:42 UTC 2025,SERVICE_MARKETPLACE,,,,,
Mon Oct 06 07:42:48 UTC 2025,SERVICE_MARKETPLACE,,,,,
Mon Oct 06 07:42:49 UTC 2025,SERVICE_MARKETPLACE,,,,,
Mon Oct 06 07:42:59 UTC 2025,SERVICE_MARKETPLACE,,,,,
Mon Oct 06 07:43:00 UTC 2025,SERVICE_MARKETPLACE,,,,,
Mon Oct 06 07:43:00 UTC 2025,SERVICE_MARKETPLACE,,,,,
Mon Oct 06 07:43:04 UTC 2025,SERVICE_MARKETPLACE,,,,,
Mon Oct 06 07:43:08 UTC 2025,SERVICE_MARKETPLACE,,,,,
Mon Oct 06 07:43:10 UTC 2025,SERVICE_MARKETPLACE,,,,,
Mon Oct 06 07:43:12 UTC 2025,SERVICE_MARKETPLACE,,,,,
Mon Oct 06 07:43:14 UTC 2025,SERVICE_MARKETPLACE,,,,,
Mon Oct 06 07:43:14 UTC 2025,SERVICE_MARKETPLACE,,,,,
Mon Oct 06 07:43:14 UTC 2025,SERVICE_MARKETPLACE,,,,,
Mon Oct 06 07:43:15 UTC 2025,SERVICE_MARKETPLACE,,,,,
Mon Oct 06 07:43:15 UTC 2025,SERVICE_MARKETPLACE,,,,,
Mon Oct 06 07:43:18 UTC 2025,SERVICE_MARKETPLACE,,,,,
Mon Oct 06 07:43:19 UTC 2025,SERVICE_MARKETPLACE,,,,,
Mon Oct 06 07:43:19 UTC 2025,SERVICE_MARKETPLACE,,,,,
Mon Oct 06 07:43:26 UTC 2025,SERVICE_MARKETPLACE,,,,,
Mon Oct 06 07:43:31 UTC 2025,SERVICE_MARKETPLACE,,,,,
Mon Oct 06 07:43:34 UTC 2025,SERVICE_MARKETPLACE,,,,,
Mon Oct 06 07:43:38 UTC 2025,SERVICE_MARKETPLACE,,,,,
Mon Oct 06 07:43:44 UTC 2025,SERVICE_MARKETPLACE,,,,,
Mon Oct 06 07:43:47 UTC 2025,SERVICE_MARKETPLACE,,,,,
Mon Oct 06 07:43:48 UTC 2025,SERVICE_MARKETPLACE,"Hi Robin,   Thank you for reaching out.   Please could you go into further detail on what it is you’re specifically looking for? I can definitely assist in the marketing, documentation & compliance side of things!  I look forward to hearing from you!   Kind regards, Jasmine ",,,,false
Mon Oct 06 07:43:59 UTC 2025,SERVICE_MARKETPLACE,,,,,
Mon Oct 06 07:44:05 UTC 2025,SERVICE_MARKETPLACE,,,,,
Mon Oct 06 07:44:11 UTC 2025,SERVICE_MARKETPLACE,,,,,
Mon Oct 06 07:44:27 UTC 2025,SERVICE_MARKETPLACE,,,,,
Mon Oct 06 07:44:27 UTC 2025,SERVICE_MARKETPLACE,,,,,
Mon Oct 06 13:57:35 UTC 2025,SERVICE_MARKETPLACE,,,,,
Mon Oct 06 13:57:35 UTC 2025,SERVICE_MARKETPLACE,,,,,
Mon Oct 06 13:57:40 UTC 2025,SERVICE_MARKETPLACE,,,,,
Mon Oct 06 13:57:48 UTC 2025,SERVICE_MARKETPLACE,,,,,
Mon Oct 06 13:57:50 UTC 2025,SERVICE_MARKETPLACE,,,,,
Mon Oct 06 13:57:51 UTC 2025,SERVICE_MARKETPLACE,,,,,
Mon Oct 06 13:57:52 UTC 2025,SERVICE_MARKETPLACE,,,,,
Mon Oct 06 13:57:53 UTC 2025,SERVICE_MARKETPLACE,,,,,
Mon Oct 06 13:57:58 UTC 2025,SERVICE_MARKETPLACE,,,,,
Mon Oct 06 13:58:01 UTC 2025,SERVICE_MARKETPLACE,,,,,
Mon Oct 06 13:58:02 UTC 2025,SERVICE_MARKETPLACE,,,,,
Mon Oct 06 13:58:04 UTC 2025,SERVICE_MARKETPLACE,,,,,
Mon Oct 06 13:58:07 UTC 2025,SERVICE_MARKETPLACE,,,,,
Mon Oct 06 13:58:11 UTC 2025,SERVICE_MARKETPLACE,,,,,
Mon Oct 06 13:58:13 UTC 2025,SERVICE_MARKETPLACE,,,,,
Mon Oct 06 13:58:16 UTC 2025,SERVICE_MARKETPLACE,,,,,
Mon Oct 06 13:58:16 UTC 2025,SERVICE_MARKETPLACE,,,,,
Mon Oct 06 13:58:21 UTC 2025,SERVICE_MARKETPLACE,,,,,
Mon Oct 06 13:58:27 UTC 2025,SERVICE_MARKETPLACE,,,,,
Mon Oct 06 13:58:30 UTC 2025,SERVICE_MARKETPLACE,,,,,
Mon Oct 06 13:58:59 UTC 2025,SERVICE_MARKETPLACE,,,,,
Mon Oct 06 13:59:07 UTC 2025,SERVICE_MARKETPLACE,,,,,
Mon Oct 06 13:59:35 UTC 2025,SERVICE_MARKETPLACE,,,,,
Mon Oct 06 13:59:41 UTC 2025,SERVICE_MARKETPLACE,,,,,
Mon Oct 06 15:36:25 UTC 2025,SERVICE_MARKETPLACE,,,,,
Mon Oct 06 18:10:05 UTC 2025,SERVICE_MARKETPLACE,,,,,
Mon Oct 06 07:42:45 UTC 2025,SERVICE_MARKETPLACE,,,,,
Mon Oct 06 07:42:47 UTC 2025,SERVICE_MARKETPLACE,,,,,
Mon Oct 06 07:42:47 UTC 2025,SERVICE_MARKETPLACE,,,,,
Mon Oct 06 07:42:51 UTC 2025,SERVICE_MARKETPLACE,,,,,
Mon Oct 06 07:42:52 UTC 2025,SERVICE_MARKETPLACE,,,,,
Mon Oct 06 07:43:04 UTC 2025,SERVICE_MARKETPLACE,,,,,
Mon Oct 06 07:43:04 UTC 2025,SERVICE_MARKETPLACE,,,,,
Mon Oct 06 07:43:10 UTC 2025,SERVICE_MARKETPLACE,,,,,
Mon Oct 06 07:43:11 UTC 2025,SERVICE_MARKETPLACE,,,,,
Mon Oct 06 07:43:11 UTC 2025,SERVICE_MARKETPLACE,,,,,
Mon Oct 06 07:43:12 UTC 2025,SERVICE_MARKETPLACE,,,,,
Mon Oct 06 07:43:13 UTC 2025,SERVICE_MARKETPLACE,,,,,
Mon Oct 06 07:43:16 UTC 2025,SERVICE_MARKETPLACE,,,,,
Mon Oct 06 07:43:16 UTC 2025,SERVICE_MARKETPLACE,,,,,
Mon Oct 06 07:43:24 UTC 2025,SERVICE_MARKETPLACE,,,,,
Mon Oct 06 07:43:27 UTC 2025,SERVICE_MARKETPLACE,,,,,
Mon Oct 06 07:43:28 UTC 2025,SERVICE_MARKETPLACE,,,,,
Mon Oct 06 07:43:28 UTC 2025,SERVICE_MARKETPLACE,,,,,
Mon Oct 06 07:43:31 UTC 2025,SERVICE_MARKETPLACE,,,,,
Mon Oct 06 07:43:37 UTC 2025,SERVICE_MARKETPLACE,,,,,
Mon Oct 06 07:43:41 UTC 2025,SERVICE_MARKETPLACE,,,,,
Mon Oct 06 07:43:50 UTC 2025,SERVICE_MARKETPLACE,,,,,
Mon Oct 06 07:44:02 UTC 2025,SERVICE_MARKETPLACE,,,,,
Mon Oct 06 07:44:09 UTC 2025,SERVICE_MARKETPLACE,,,,,
Mon Oct 06 13:57:16 UTC 2025,SERVICE_MARKETPLACE,,,,,
Mon Oct 06 13:57:40 UTC 2025,SERVICE_MARKETPLACE,,,,,
Mon Oct 06 13:57:41 UTC 2025,SERVICE_MARKETPLACE,,,,,
Mon Oct 06 13:57:42 UTC 2025,SERVICE_MARKETPLACE,,,,,
Mon Oct 06 13:58:01 UTC 2025,SERVICE_MARKETPLACE,,,,,
Mon Oct 06 13:58:02 UTC 2025,SERVICE_MARKETPLACE,,,,,
Mon Oct 06 13:58:02 UTC 2025,SERVICE_MARKETPLACE,,,,,
Mon Oct 06 13:58:05 UTC 2025,SERVICE_MARKETPLACE,,,,,
Mon Oct 06 13:58:05 UTC 2025,SERVICE_MARKETPLACE,,,,,
Mon Oct 06 13:58:08 UTC 2025,SERVICE_MARKETPLACE,,,,,
Mon Oct 06 13:58:11 UTC 2025,SERVICE_MARKETPLACE,,,,,
Mon Oct 06 13:58:15 UTC 2025,SERVICE_MARKETPLACE,,,,,
Mon Oct 06 13:58:20 UTC 2025,SERVICE_MARKETPLACE,,,,,
Mon Oct 06 13:58:22 UTC 2025,SERVICE_MARKETPLACE,,,,,
Mon Oct 06 13:58:22 UTC 2025,SERVICE_MARKETPLACE,,,,,
Mon Oct 06 13:58:26 UTC 2025,SERVICE_MARKETPLACE,Thank you for the quick reply.  I understand the priority is to start immediately. I am ready to begin the Personal Assistance work for the project.  hope to know more about my role and the project!,,,,false
Mon Oct 06 13:58:29 UTC 2025,SERVICE_MARKETPLACE,,,,,
Mon Oct 06 13:58:35 UTC 2025,SERVICE_MARKETPLACE,,,,,
Mon Oct 06 13:58:45 UTC 2025,SERVICE_MARKETPLACE,,,,,
Mon Oct 06 13:58:50 UTC 2025,SERVICE_MARKETPLACE,,,,,
Mon Oct 06 13:58:52 UTC 2025,SERVICE_MARKETPLACE,,,,,
Mon Oct 06 13:58:52 UTC 2025,SERVICE_MARKETPLACE,,,,,
Mon Oct 06 13:58:54 UTC 2025,SERVICE_MARKETPLACE,,,,,
Mon Oct 06 13:59:05 UTC 2025,SERVICE_MARKETPLACE,,,,,
Mon Oct 06 13:59:09 UTC 2025,SERVICE_MARKETPLACE,,,,,
Mon Oct 06 13:59:11 UTC 2025,SERVICE_MARKETPLACE,,,,,
Mon Oct 06 13:59:17 UTC 2025,SERVICE_MARKETPLACE,,,,,
Mon Oct 06 13:59:25 UTC 2025,SERVICE_MARKETPLACE,,,,,
Mon Oct 06 13:59:37 UTC 2025,SERVICE_MARKETPLACE,,,,,
Mon Oct 06 07:43:23 UTC 2025,SERVICE_MARKETPLACE,"Hey,  I know the job search can be tough, especially for international students trying to make it all happen. I was there too – working 6 part-time jobs to keep things afloat while I pursued my dream career. I understand how overwhelming the process can be, but I also know what works.  I applied to 656 jobs in a month after optimizing my CV into a result oriented one-pager. That effort led to 15 first-round interviews and 5 full-time job offers. Now, I help others do the same – whether you're looking for a job with visa sponsorship or want to stand out in a competitive market.    Here's how I can help (I can get this done in 24 Hours):   ✅ CV + Cover Letter: Crafted for maximum impact and tailored to your target job. ✅ LinkedIn Profile Optimization: Position yourself as the best candidate for recruiters to find. ✅ Mock Interviews: Get ready to ace your interviews and make the best impression. ✅ Job search strategy.  🧑‍💻 Other Services Offered:  ➡️ Career Guidance ➡️ Mock Interviewing ➡️ Portfolio Building (Custom Websites, blogs, Behance, Dribble, Github and etc)  I can help you land your dream job – from building your personal brand to prepping you for those critical moments. I’d love to chat and understand how I can assist you in this journey.   📲 Connect with me to get started:  👉 Whatsapp - +44-7760861436 👉 Check my Website: https://www.jabezivanj.com/personalbranding   Cheers, Jabez",,,,true
Mon Oct 06 07:44:01 UTC 2025,SERVICE_MARKETPLACE,"Hi Robin ,  Thank you for reaching out regarding resume services. I’m Harinath, an ATS Resume Writing (CV) Specialist, helping professionals stand out with modern, job-winning resumes.  I collaborate closely with clients across all industries to craft impactful, ATS-optimized resumes tailored to specific roles — designed to boost your chances of landing your desired job.  What I offer:  ✅ ATS-Compliant Resumes, Cover Letters ✅ LinkedIn Optimization ✅ Portfolio Development  My focus is on highlighting your skills, experience, and achievements while aligning with current hiring trends. I assure you that the resume I create will enhance your chances of securing your desired position.  I’ll definitely meet your budget and deliver great results.(I offer high-quality results at an affordable cost)  Please feel free to check the reviews on my profile — they’ll give you a clear idea of the quality and value of my services.(Look next to About Section)  Feel free to share your current resume for a complimentary review. Once assessed, we can begin crafting a strong version.  I look forward to working with you and supporting your career growth.  I kindly request you to visit the website to get a full understanding of the Resume services I provide.   👉 https://resume-service-ashen.vercel.app/    ✅ Feel free to message me — for more details, we’ll discuss without delay.     Warm regards,      Harinath Reddy Mekala     Specialist in ATS Resumes | Cover Letters | Portfolio Strategist",,,,false
Mon Oct 06 07:45:24 UTC 2025,SERVICE_MARKETPLACE,"At SuccessGuru, we craft ATS-friendly CVs that get noticed by recruiters and pass applicant tracking systems with ease.  ✨ For freshers, professionals & global job seekers ✨ AI + human expertise = powerful results ✨ Affordable, fast & interview-ready  Upload your CV and i will send the polished one",,,,false
Mon Oct 06 13:58:04 UTC 2025,SERVICE_MARKETPLACE,,,,,
Mon Oct 06 07:42:54 UTC 2025,SERVICE_MARKETPLACE,"Hi there,  I hope you're doing well. Could you please send me your current resume or CV for review? Additionally, it would be helpful if you could let me know the job position, you're interested in or provide the job description.  Thank you in advance!  𝐍𝐨𝐭𝐞: 𝐓𝐡𝐢𝐬 𝐬𝐞𝐫𝐯𝐢𝐜𝐞 𝐢𝐬 𝐩𝐚𝐢𝐝",,,,false
Mon Oct 06 07:43:01 UTC 2025,SERVICE_MARKETPLACE,,,,,
Mon Oct 06 07:43:34 UTC 2025,SERVICE_MARKETPLACE,"Hi, Robin.  Many thanks for your request for a proposal.  As the founder of the world’s leading CV and resume consultancies, either I or my staff can most certainly help you.  Please may I refer you to our website: https://jamesinnesgroup.ae/  There you will be able to see full details of our services, including the option to work with me personally should you so desire.  Please don't hesitate to book in for a quick initial chat with me if you have any questions or need any further assistance: https://jig.as.me/QuickChatWithJames  Kind regards,  James  James Innes Founder, James Innes Group https://jamesinnes.group/",,,,true
Mon Oct 06 07:43:40 UTC 2025,SERVICE_MARKETPLACE,"Hi,   I’m Amirreza, an experienced career consultant and resume specialist. I help professionals craft impactful resumes and provide personalized career coaching to achieve their career goals. Whether you’re updating your resume or preparing for interviews, I offer practical guidance and hands-on support—entirely remotely for your convenience.     Services I Offer:   • Resume Writing: Create or improve your resume to highlight your skills, accomplishments, and experience. Tailored for your industry and career level.   • Career Coaching: 45-minute personalized sessions covering job applications, interview preparation, and career planning strategies.   • Remote & Flexible: All services can be completed online, at your convenience.     Pricing:   Negotiable     Why Choose Me:   • I combine practical experience with personalized guidance to make your resume and career strategy stand out.   • I’ve helped clients secure interviews across industries, improving both content and presentation.   • My approach is hands-on and tailored specifically to your career goals, ensuring maximum impact.     Next Steps / Call to Action:   If you’re ready to take your career to the next level, let’s get started! Send me a message to schedule your session or submit your resume for a professional makeover today.   Email Address: amirreza.siadati2020@gmail.com   Phone #: (236) 865 2377",,,,false
Mon Oct 06 07:44:03 UTC 2025,SERVICE_MARKETPLACE,,,,,
Mon Oct 06 13:57:51 UTC 2025,SERVICE_MARKETPLACE,"Hi, I'm Laraib, a professional resume writer with over seven years of experience helping job seekers around the world land their dream roles. I specialize in crafting polished, ATS-optimized resumes that not only make it past applicant tracking systems but also leave a lasting impression on hiring managers.  What Makes My Service Stand Out: Strategic, ATS-Friendly Resumes Your resume will be tailored to meet current industry standards and optimized to pass ATS filters, dramatically increasing your chances of being shortlisted.  60-Day Interview Guarantee I’m confident in the results I deliver. If you don’t receive interview calls within 60 days, I’ll revise your resume free of charge.  Flexible Payment Option Everyone’s financial situation is different. That’s why I offer a ""pay what you feel is fair"" model - you choose the amount that reflects the value you receive.  Your resume is more than a summary of your experience, it’s your first impression in a competitive job market. Let’s work together to create a compelling, impactful resume that showcases your unique strengths and gets results.  I look forward to helping you succeed. Warm regards, Laraib",,,,true
Mon Oct 06 13:58:01 UTC 2025,SERVICE_MARKETPLACE,"Thank you for reaching out! Apologies for my late reply — I was busy managing an HR project, but I'm now back and open for new clients. I've reviewed your profile and would love to know more about your goals. Please send me your current resume - I'll review it for free and share professional feedback to help you stand out. Just a few quick questions: 1 What kind of roles or industries are you targeting? 2 Would you also like help with a cover letter or Linkedin profile? Once I review your resume, I'll share tailored suggestions and paid service options. Looking forward to your response! Best, Mehwesh Resume Writer | Linkedln Expert | HR Consultant",,,,true
Mon Oct 06 13:58:12 UTC 2025,SERVICE_MARKETPLACE,,,,,
Mon Oct 06 13:58:25 UTC 2025,SERVICE_MARKETPLACE,,,,,
Mon Oct 06 13:58:33 UTC 2025,SERVICE_MARKETPLACE,,,,,
Mon Oct 06 13:58:38 UTC 2025,SERVICE_MARKETPLACE,"Hey, Thanks for your query Resume Writing Services Include: ✅ ATS-Friendly Format - Score before & after optimization will be shared  ✅ Initial Rough Draft - Sent for your review before finalizing  ✅ Delivery Within 72 Hours - From payment confirmation  ✅ Final Formats - Word + PDF via email  ✅ 30 Days of Free Edits - Unlimited changes after final delivery  💼 Charges: AED 250 for 5+ years of experience AED 200 for under 5 years of experience",,,,false
Mon Oct 06 07:43:01 UTC 2025,SERVICE_MARKETPLACE,,,,,
Mon Oct 06 13:57:48 UTC 2025,SERVICE_MARKETPLACE,,,,,
Tue Sep 09 10:59:44 UTC 2025,SERVICE_MARKETPLACE,"Hi Robin Edwan,  Hope you're doing great, Thank you for considering my service I'll be happy to assist you with your project. I'll provide you with an ATS-format resume that will help you in boosting your career. Kindly let me know when you're free to discuss further about the project.  Regards, Haider Ali",,,,false
Tue Sep 09 11:00:15 UTC 2025,SERVICE_MARKETPLACE,,,,,
Tue Sep 09 16:59:26 UTC 2025,SERVICE_MARKETPLACE,,,,,
Tue Sep 09 17:00:40 UTC 2025,SERVICE_MARKETPLACE,,,,,
Tue Sep 09 17:10:52 UTC 2025,SERVICE_MARKETPLACE,,,,,
Tue Sep 09 11:00:03 UTC 2025,SERVICE_MARKETPLACE,,,,,
Tue Sep 09 11:00:36 UTC 2025,SERVICE_MARKETPLACE,,,,,
Tue Sep 09 11:00:57 UTC 2025,SERVICE_MARKETPLACE,,,,,
Tue Sep 09 16:58:56 UTC 2025,SERVICE_MARKETPLACE,,,,,
Tue Sep 09 16:59:17 UTC 2025,SERVICE_MARKETPLACE,,,,,
Tue Sep 09 17:00:11 UTC 2025,SERVICE_MARKETPLACE,,,,,
Tue Sep 09 11:00:06 UTC 2025,SERVICE_MARKETPLACE,,,,,
Tue Sep 09 11:00:13 UTC 2025,SERVICE_MARKETPLACE,"Hi there,  𝐒𝐭𝐫𝐮𝐠𝐠𝐥𝐢𝐧𝐠 𝐭𝐨 𝐥𝐚𝐧𝐝 𝐢𝐧𝐭𝐞𝐫𝐯𝐢𝐞𝐰𝐬? 𝐓𝐢𝐫𝐞𝐝 𝐨𝐟 𝐬𝐞𝐧𝐝𝐢𝐧𝐠 𝐚𝐩𝐩𝐥𝐢𝐜𝐚𝐭𝐢𝐨𝐧𝐬 𝐰𝐢𝐭𝐡𝐨𝐮𝐭 𝐫𝐞𝐬𝐮𝐥𝐭𝐬? 𝐋𝐞𝐭’𝐬 𝐜𝐡𝐚𝐧𝐠𝐞 𝐭𝐡𝐚𝐭!  I’m Sidra Tanvir, a professional resume writer with 5+ years of experience in crafting ATS-optimized resumes, cover letters, and LinkedIn profiles that help job seekers stand out. With 4,500+ successful resumes and a 97.2% interview success rate, I know what it takes to get recruiters’ attention.  𝐇𝐨𝐰 𝐈 𝐂𝐚𝐧 𝐇𝐞𝐥𝐩 𝐘𝐨𝐮: ➺ 𝐑𝐞𝐬𝐮𝐦𝐞 & 𝐂𝐕 𝐖𝐫𝐢𝐭𝐢𝐧𝐠 – Tailored, ATS-friendly resumes that highlight your skills and achievements. ➺ 𝐂𝐨𝐯𝐞𝐫 𝐋𝐞𝐭𝐭𝐞𝐫 𝐖𝐫𝐢𝐭𝐢𝐧𝐠 – Persuasive cover letters that complement your resume and showcase your value. ➺ 𝐋𝐢𝐧𝐤𝐞𝐝𝐈𝐧 𝐏𝐫𝐨𝐟𝐢𝐥𝐞 𝐎𝐩𝐭𝐢𝐦𝐢𝐳𝐚𝐭𝐢𝐨𝐧 – A professional, keyword-rich profile to boost your online visibility and networking potential.  A strong resume, cover letter, and LinkedIn profile work together to maximize your chances of getting hired. Let me help you craft a compelling career story that gets results!  𝐑𝐞𝐩𝐥𝐲 𝐭𝐨 𝐭𝐡𝐢𝐬 𝐦𝐞𝐬𝐬𝐚𝐠𝐞 𝐭𝐨 𝐠𝐞𝐭 𝐬𝐭𝐚𝐫𝐭𝐞𝐝.  Best regards, 𝐒𝐢𝐝𝐫𝐚",,,,false
Tue Sep 09 11:00:20 UTC 2025,SERVICE_MARKETPLACE,,,,,
Tue Sep 09 11:00:33 UTC 2025,SERVICE_MARKETPLACE,,,,,
Tue Sep 09 11:00:48 UTC 2025,SERVICE_MARKETPLACE,,,,,
Tue Sep 09 16:59:05 UTC 2025,SERVICE_MARKETPLACE,,,,,
Tue Sep 09 17:01:19 UTC 2025,SERVICE_MARKETPLACE,,,,,
